timestamp_utc,data_ida,data_volta,preco,moeda,fonte
2026-09-21T23:07:24+00:00,2027-08-17,2027-08-27,808.0,BRL,google_flights
2026-09-22T01:45:57+00:00,2027-08-18,2027-08-28,808.0,BRL,google_flights
2026-09-22T07:35:00+00:00,2027-08-18,2027-08-28,808.0,BRL,google_flights
2026-09-22T13:17:57+00:00,2027-08-18,2027-08-28,246.0,BRL,google_flights
2026-09-22T17:43:50+00:00,2027-08-18,2027-08-28,809.0,BRL,google_flights
2026-09-22T21:08:18+00:00,2027-08-18,2027-08-28,271.0,BRL,google_flights
2026-09-22T23:45:06+00:00,2027-08-18,2027-08-28,806.0,BRL,google_flights
2026-09-23T04:20:07+00:00,2027-08-19,2027-08-29,806.0,BRL,google_flights
2026-09-23T18:32:18+00:00,2027-05-10,2027-05-17,816.0,BRL,google_flights
2026-09-23T18:33:50+00:00,2027-05-10,2027-05-17,816.0,BRL,google_flights
2026-09-23T18:52:35+00:00,2027-05-10,2027-05-17,952.0,BRL,google_flights
2026-09-23T18:53:11+00:00,2027-05-10,2027-05-17,952.0,BRL,google_flights
2026-09-23T19:20:08+00:00,2027-05-01,2027-05-08,795.0,BRL,google_flights
2026-09-23T19:24:50+00:00,2027-05-01,2027-05-08,795.0,BRL,google_flights
2026-09-23T21:16:39+00:00,2027-05-01,2027-05-08,795.0,BRL,google_flights
2026-09-23T21:48:19+00:00,2027-05-01,2027-05-08,795.0,BRL,google_flights
2026-09-23T22:11:37+00:00,2027-05-01,2027-05-08,795.0,BRL,google_flights
2026-09-23T22:20:01+00:00,2027-05-01,2027-05-08,795.0,BRL,google_flights
2026-09-23T22:51:46+00:00,2027-05-01,2027-05-08,795.0,BRL,google_flights
2026-09-23T23:39:28+00:00,2027-05-01,2027-05-08,795.0,BRL,google_flights
2026-09-24T00:12:34+00:00,2027-05-01,2027-05-08,795.0,BRL,google_flights
2026-09-24T00:48:57+00:00,2027-05-01,2027-05-08,795.0,BRL,google_flights
2026-09-24T01:38:29+00:00,2027-05-01,2027-05-08,795.0,BRL,google_flights
2026-09-24T02:28:50+00:00,2027-05-01,2027-05-08,795.0,BRL,google_flights
2026-09-24T03:06:54+00:00,2027-05-01,2027-05-08,795.0,BRL,google_flights
2026-09-24T03:38:23+00:00,2027-05-01,2027-05-08,795.0,BRL,google_flights
2026-09-24T06:00:58+00:00,2027-05-01,2027-05-08,795.0,BRL,google_flights
2026-09-24T11:38:39+00:00,2027-05-01,2027-05-08,795.0,BRL,google_flights
2026-09-24T14:59:48+00:00,2027-05-04,2027-05-11,795.0,BRL,google_flights
2026-09-24T15:02:44+00:00,2027-05-01,2027-05-08,795.0,BRL,google_flights
2026-09-24T16:58:28+00:00,2027-05-01,2027-05-08,795.0,BRL,google_flights
2026-09-24T20:23:45+00:00,2027-05-01,2027-05-08,795.0,BRL,google_flights
2026-09-24T23:23:13+00:00,2027-05-01,2027-05-08,795.0,BRL,google_flights
2026-09-25T01:50:32+00:00,2027-05-01,2027-05-08,795.0,BRL,google_flights
2026-09-25T07:32:25+00:00,2027-05-01,2027-05-08,795.0,BRL,google_flights
2026-09-25T12:59:19+00:00,2027-05-01,2027-05-08,795.0,BRL,google_flights
2026-09-25T17:56:11+00:00,2027-05-01,2027-05-08,795.0,BRL,google_flights
2026-09-25T21:25:44+00:00,2027-05-01,2027-05-08,795.0,BRL,google_flights
2026-09-26T00:07:42+00:00,2027-05-01,2027-05-08,795.0,BRL,google_flights
2026-09-26T05:23:34+00:00,2027-05-01,2027-05-08,795.0,BRL,google_flights
2026-09-26T10:10:26+00:00,2027-05-01,2027-05-08,795.0,BRL,google_flights
2026-09-26T14:43:15+00:00,2027-05-01,2027-05-08,795.0,BRL,google_flights
2026-09-26T18:30:21+00:00,2027-05-01,2027-05-08,795.0,BRL,google_flights
2026-09-26T21:29:59+00:00,2027-05-01,2027-05-08,795.0,BRL,google_flights
2026-09-26T23:51:38+00:00,2027-05-01,2027-05-08,795.0,BRL,google_flights
2026-09-27T04:53:01+00:00,2027-05-01,2027-05-08,795.0,BRL,google_flights
2026-09-27T10:29:59+00:00,2027-05-01,2027-05-08,795.0,BRL,google_flights
2026-09-27T15:18:12+00:00,2027-05-01,2027-05-08,795.0,BRL,google_flights
2026-09-27T19:15:14+00:00,2027-05-01,2027-05-08,795.0,BRL,google_flights
2026-09-27T22:33:15+00:00,2027-05-01,2027-05-08,795.0,BRL,google_flights
2026-09-28T01:32:04+00:00,2027-05-01,2027-05-08,795.0,BRL,google_flights
2026-09-28T07:35:09+00:00,2027-05-01,2027-05-08,795.0,BRL,google_flights
2026-09-28T16:42:33+00:00,2027-05-01,2027-05-08,795.0,BRL,google_flights
2026-09-28T22:30:48+00:00,2027-05-01,2027-05-08,795.0,BRL,google_flights
2026-09-29T02:17:31+00:00,2027-05-01,2027-05-08,795.0,BRL,google_flights
2026-09-29T08:59:06+00:00,2027-05-01,2027-05-08,795.0,BRL,google_flights
2026-09-29T15:42:08+00:00,2027-05-01,2027-05-08,795.0,BRL,google_flights
2026-09-29T20:39:44+00:00,2027-05-01,2027-05-08,795.0,BRL,google_flights
2026-09-30T00:17:38+00:00,2027-05-04,2027-05-11,795.0,BRL,google_flights
2026-09-30T05:53:58+00:00,2027-05-04,2027-05-11,795.0,BRL,google_flights
2026-09-30T12:23:19+00:00,2027-05-04,2027-05-11,795.0,BRL,google_flights
2026-09-30T18:07:28+00:00,2027-05-04,2027-05-11,795.0,BRL,google_flights
2026-09-30T22:33:38+00:00,2027-05-01,2027-05-08,805.0,BRL,google_flights
2026-10-01T01:58:49+00:00,2027-05-04,2027-05-11,795.0,BRL,google_flights
2026-10-01T08:45:42+00:00,2027-05-01,2027-05-08,805.0,BRL,google_flights
2026-10-01T16:16:21+00:00,2027-05-01,2027-05-08,805.0,BRL,google_flights
2026-10-01T21:16:02+00:00,2027-05-01,2027-05-08,805.0,BRL,google_flights
2026-10-02T01:05:01+00:00,2027-05-04,2027-05-11,785.0,BRL,google_flights
2026-10-02T07:28:17+00:00,2027-05-04,2027-05-11,785.0,BRL,google_flights
2026-10-02T14:05:40+00:00,2027-05-01,2027-05-08,805.0,BRL,google_flights
2026-10-02T19:30:20+00:00,2027-05-08,2027-05-15,785.0,BRL,google_flights
2026-10-02T23:14:40+00:00,2027-05-11,2027-05-18,785.0,BRL,google_flights
2026-10-03T02:18:12+00:00,2027-05-04,2027-05-11,765.0,BRL,google_flights
2026-10-03T08:31:50+00:00,2027-05-04,2027-05-11,765.0,BRL,google_flights
2026-10-03T13:42:57+00:00,2027-05-11,2027-05-18,765.0,BRL,google_flights
2026-10-03T17:54:05+00:00,2027-05-04,2027-05-11,765.0,BRL,google_flights
2026-10-03T20:57:09+00:00,2027-05-04,2027-05-11,765.0,BRL,google_flights
2026-10-03T23:44:02+00:00,2027-05-04,2027-05-11,765.0,BRL,google_flights
2026-10-04T05:26:10+00:00,2027-05-04,2027-05-11,765.0,BRL,google_flights
2026-10-04T11:17:07+00:00,2027-05-04,2027-05-11,765.0,BRL,google_flights
2026-10-04T15:59:19+00:00,2027-05-04,2027-05-11,765.0,BRL,google_flights
2026-10-04T19:32:50+00:00,2027-05-04,2027-05-11,765.0,BRL,google_flights
2026-10-04T22:58:36+00:00,2027-05-04,2027-05-11,750.0,BRL,google_flights
2026-10-05T01:50:17+00:00,2027-05-04,2027-05-11,750.0,BRL,google_flights
2026-10-05T08:47:52+00:00,2027-05-11,2027-05-18,785.0,BRL,google_flights
2026-10-05T18:15:57+00:00,2027-05-11,2027-05-18,785.0,BRL,google_flights
2026-10-06T00:17:41+00:00,2027-05-04,2027-05-11,783.0,BRL,google_flights
2026-10-06T06:48:38+00:00,2027-05-11,2027-05-18,785.0,BRL,google_flights
2026-10-06T14:06:22+00:00,2027-05-11,2027-05-18,785.0,BRL,google_flights
2026-10-06T19:47:55+00:00,2027-05-11,2027-05-18,785.0,BRL,google_flights
2026-10-06T23:44:32+00:00,2027-05-11,2027-05-18,785.0,BRL,google_flights
2026-10-07T05:29:03+00:00,2027-05-11,2027-05-18,785.0,BRL,google_flights
2026-10-07T12:00:02+00:00,2027-05-08,2027-05-15,785.0,BRL,google_flights
2026-10-07T18:53:50+00:00,2027-05-08,2027-05-15,785.0,BRL,google_flights
2026-10-07T23:33:56+00:00,2027-05-11,2027-05-18,783.0,BRL,google_flights
